ID,Name,GroupName
1,Agulhas Limestone Fynbos,Limestone Fynbos
2,Agulhas Limestone Fynbos,Limestone Fynbos
3,Cape Seashore Vegetation,Seashore Vegetation
4,Cape Seashore Vegetation,Seashore Vegetation
5,Cape Seashore Vegetation,Seashore Vegetation
6,Overberg Sandstone Fynbos,Sandstone Fynbos
7,Agulhas Sand Fynbos,Sand Fynbos
8,Overberg Sandstone Fynbos,Sandstone Fynbos
9,Cape Inland Salt Pans,Inland Saline Vegetation
10,Agulhas Limestone Fynbos,Limestone Fynbos
11,Overberg Sandstone Fynbos,Sandstone Fynbos
12,Southern Coastal Forest,Zonal & Intrazonal Forests
13,Overberg Sandstone Fynbos,Sandstone Fynbos
14,Overberg Sandstone Fynbos,Sandstone Fynbos
15,Elim Ferricrete Fynbos,Ferricrete Fynbos
16,Southern Coastal Forest,Zonal & Intrazonal Forests
17,Cape Lowland Freshwater Wetlands,Freshwater Wetlands
18,Agulhas Sand Fynbos,Sand Fynbos
19,Overberg Sandstone Fynbos,Sandstone Fynbos
20,Agulhas Sand Fynbos,Sand Fynbos
21,Overberg Sandstone Fynbos,Sandstone Fynbos
22,Agulhas Limestone Fynbos,Limestone Fynbos
23,Agulhas Sand Fynbos,Sand Fynbos
24,Cape Seashore Vegetation,Seashore Vegetation
25,Elim Ferricrete Fynbos,Ferricrete Fynbos
26,Agulhas Sand Fynbos,Sand Fynbos
27,Agulhas Limestone Fynbos,Limestone Fynbos
28,Overberg Sandstone Fynbos,Sandstone Fynbos
29,Agulhas Limestone Fynbos,Limestone Fynbos
30,Cape Lowland Freshwater Wetlands,Freshwater Wetlands
31,Elim Ferricrete Fynbos,Ferricrete Fynbos
32,Agulhas Sand Fynbos,Sand Fynbos
33,Cape Lowland Freshwater Wetlands,Freshwater Wetlands
34,Overberg Sandstone Fynbos,Sandstone Fynbos
35,Cape Inland Salt Pans,Inland Saline Vegetation
36,Cape Inland Salt Pans,Inland Saline Vegetation
37,Agulhas Sand Fynbos,Sand Fynbos
38,Agulhas Sand Fynbos,Sand Fynbos
39,Central Ruens Shale Renosterveld,Shale Renosterveld
40,Cape Inland Salt Pans,Inland Saline Vegetation
41,Southern Coastal Forest,Zonal & Intrazonal Forests
42,De Hoop Limestone Fynbos,Limestone Fynbos
43,Cape Lowland Freshwater Wetlands,Freshwater Wetlands
44,Cape Inland Salt Pans,Inland Saline Vegetation
45,Cape Seashore Vegetation,Seashore Vegetation
46,Southern Coastal Forest,Zonal & Intrazonal Forests
47,Cape Inland Salt Pans,Inland Saline Vegetation
48,Southern Coastal Forest,Zonal & Intrazonal Forests
49,Agulhas Sand Fynbos,Sand Fynbos
50,Agulhas Sand Fynbos,Sand Fynbos
51,Overberg Sandstone Fynbos,Sandstone Fynbos
52,Agulhas Limestone Fynbos,Limestone Fynbos
53,Cape Inland Salt Pans,Inland Saline Vegetation
54,Cape Inland Salt Pans,Inland Saline Vegetation
55,Cape Seashore Vegetation,Seashore Vegetation
56,Agulhas Sand Fynbos,Sand Fynbos
57,Central Ruens Shale Renosterveld,Shale Renosterveld
58,Agulhas Sand Fynbos,Sand Fynbos
59,Agulhas Limestone Fynbos,Limestone Fynbos
60,Cape Inland Salt Pans,Inland Saline Vegetation
61,Elim Ferricrete Fynbos,Ferricrete Fynbos
62,Central Ruens Shale Renosterveld,Shale Renosterveld
63,Southern Coastal Forest,Zonal & Intrazonal Forests
64,Agulhas Sand Fynbos,Sand Fynbos
65,Cape Lowland Freshwater Wetlands,Freshwater Wetlands
66,Overberg Sandstone Fynbos,Sandstone Fynbos
67,Agulhas Sand Fynbos,Sand Fynbos
68,Overberg Sandstone Fynbos,Sandstone Fynbos
69,Southern Coastal Forest,Zonal & Intrazonal Forests
70,Central Ruens Shale Renosterveld,Shale Renosterveld
71,Cape Lowland Freshwater Wetlands,Freshwater Wetlands
72,Agulhas Sand Fynbos,Sand Fynbos
73,Cape Inland Salt Pans,Inland Saline Vegetation
74,Cape Inland Salt Pans,Inland Saline Vegetation
75,Agulhas Sand Fynbos,Sand Fynbos
76,Cape Lowland Freshwater Wetlands,Freshwater Wetlands
77,Freshwater Lakes,Waterbodies
78,Southern Coastal Forest,Zonal & Intrazonal Forests
79,Agulhas Sand Fynbos,Sand Fynbos
80,Agulhas Sand Fynbos,Sand Fynbos
81,Southern Coastal Forest,Zonal & Intrazonal Forests
82,Agulhas Limestone Fynbos,Limestone Fynbos
83,Central Ruens Shale Renosterveld,Shale Renosterveld
84,Agulhas Sand Fynbos,Sand Fynbos
85,Agulhas Sand Fynbos,Sand Fynbos
86,De Hoop Limestone Fynbos,Limestone Fynbos
87,Cape Inland Salt Pans,Inland Saline Vegetation
88,Agulhas Sand Fynbos,Sand Fynbos
89,Agulhas Sand Fynbos,Sand Fynbos
90,Cape Inland Salt Pans,Inland Saline Vegetation
91,Freshwater Lakes,Waterbodies
92,Western Coastal Shale Band Vegetation,Shale Band Vegetation
93,Elim Ferricrete Fynbos,Ferricrete Fynbos
94,Elim Ferricrete Fynbos,Ferricrete Fynbos
95,Agulhas Sand Fynbos,Sand Fynbos
96,Western Coastal Shale Band Vegetation,Shale Band Vegetation
97,Cape Inland Salt Pans,Inland Saline Vegetation
98,Agulhas Sand Fynbos,Sand Fynbos
99,Western Coastal Shale Band Vegetation,Shale Band Vegetation
100,Cape Inland Salt Pans,Inland Saline Vegetation
101,Cape Inland Salt Pans,Inland Saline Vegetation
102,Southern Coastal Forest,Zonal & Intrazonal Forests
103,Cape Inland Salt Pans,Inland Saline Vegetation
104,Central Ruens Shale Renosterveld,Shale Renosterveld
105,Central Ruens Shale Renosterveld,Shale Renosterveld
106,Southern Coastal Forest,Zonal & Intrazonal Forests
107,Elim Ferricrete Fynbos,Ferricrete Fynbos
108,Cape Inland Salt Pans,Inland Saline Vegetation
109,Cape Inland Salt Pans,Inland Saline Vegetation
110,Agulhas Sand Fynbos,Sand Fynbos
111,Agulhas Limestone Fynbos,Limestone Fynbos
112,Southern Coastal Forest,Zonal & Intrazonal Forests
113,Cape Inland Salt Pans,Inland Saline Vegetation
114,Elim Ferricrete Fynbos,Ferricrete Fynbos
115,Cape Inland Salt Pans,Inland Saline Vegetation
116,Cape Inland Salt Pans,Inland Saline Vegetation
117,De Hoop Limestone Fynbos,Limestone Fynbos
118,Freshwater Lakes,Waterbodies
119,Agulhas Sand Fynbos,Sand Fynbos
120,Cape Estuarine Salt Marshes,Estuarine Vegetation
121,Cape Lowland Freshwater Wetlands,Freshwater Wetlands
122,De Hoop Limestone Fynbos,Limestone Fynbos
123,Cape Inland Salt Pans,Inland Saline Vegetation
124,Cape Inland Salt Pans,Inland Saline Vegetation
125,Cape Lowland Freshwater Wetlands,Freshwater Wetlands
126,Elim Ferricrete Fynbos,Ferricrete Fynbos
127,Agulhas Limestone Fynbos,Limestone Fynbos
128,Southern Coastal Forest,Zonal & Intrazonal Forests
129,Agulhas Sand Fynbos,Sand Fynbos
130,Overberg Sandstone Fynbos,Sandstone Fynbos
131,Agulhas Sand Fynbos,Sand Fynbos
132,Agulhas Sand Fynbos,Sand Fynbos
133,Cape Inland Salt Pans,Inland Saline Vegetation
134,Agulhas Limestone Fynbos,Limestone Fynbos
135,Cape Inland Salt Pans,Inland Saline Vegetation
136,Southern Coastal Forest,Zonal & Intrazonal Forests
137,Cape Inland Salt Pans,Inland Saline Vegetation
138,Agulhas Sand Fynbos,Sand Fynbos
139,Western Coastal Shale Band Vegetation,Shale Band Vegetation
140,Southern Coastal Forest,Zonal & Intrazonal Forests
141,De Hoop Limestone Fynbos,Limestone Fynbos
142,De Hoop Limestone Fynbos,Limestone Fynbos
143,Cape Lowland Freshwater Wetlands,Freshwater Wetlands
144,Cape Inland Salt Pans,Inland Saline Vegetation
145,Overberg Sandstone Fynbos,Sandstone Fynbos
146,Southern Coastal Forest,Zonal & Intrazonal Forests
147,Cape Lowland Freshwater Wetlands,Freshwater Wetlands
148,Overberg Sandstone Fynbos,Sandstone Fynbos
149,Overberg Sandstone Fynbos,Sandstone Fynbos
150,Cape Inland Salt Pans,Inland Saline Vegetation
151,Agulhas Sand Fynbos,Sand Fynbos
152,De Hoop Limestone Fynbos,Limestone Fynbos
153,Southern Coastal Forest,Zonal & Intrazonal Forests
154,Agulhas Limestone Fynbos,Limestone Fynbos
155,Southern Coastal Forest,Zonal & Intrazonal Forests
156,Overberg Sandstone Fynbos,Sandstone Fynbos
157,Agulhas Limestone Fynbos,Limestone Fynbos
158,Southern Coastal Forest,Zonal & Intrazonal Forests
159,Overberg Sandstone Fynbos,Sandstone Fynbos
160,De Hoop Limestone Fynbos,Limestone Fynbos
161,Cape Lowland Freshwater Wetlands,Freshwater Wetlands
162,Southern Coastal Forest,Zonal & Intrazonal Forests
163,Southern Afrotemperate Forest,Zonal & Intrazonal Forests
164,Southern Coastal Forest,Zonal & Intrazonal Forests
165,Agulhas Limestone Fynbos,Limestone Fynbos
166,Cape Inland Salt Pans,Inland Saline Vegetation
167,Southern Coastal Forest,Zonal & Intrazonal Forests
168,De Hoop Limestone Fynbos,Limestone Fynbos
169,Overberg Sandstone Fynbos,Sandstone Fynbos
170,De Hoop Limestone Fynbos,Limestone Fynbos
171,Southern Coastal Forest,Zonal & Intrazonal Forests
172,Agulhas Limestone Fynbos,Limestone Fynbos
173,Southern Coastal Forest,Zonal & Intrazonal Forests
174,Overberg Sandstone Fynbos,Sandstone Fynbos
175,Western Coastal Shale Band Vegetation,Shale Band Vegetation
176,Elim Ferricrete Fynbos,Ferricrete Fynbos
177,Central Ruens Shale Renosterveld,Shale Renosterveld
178,Southern Coastal Forest,Zonal & Intrazonal Forests
179,Western Coastal Shale Band Vegetation,Shale Band Vegetation
180,Agulhas Limestone Fynbos,Limestone Fynbos
181,Western Coastal Shale Band Vegetation,Shale Band Vegetation
182,Cape Lowland Freshwater Wetlands,Freshwater Wetlands
183,Elim Ferricrete Fynbos,Ferricrete Fynbos
184,Western Coastal Shale Band Vegetation,Shale Band Vegetation
185,Cape Lowland Freshwater Wetlands,Freshwater Wetlands
186,Agulhas Sand Fynbos,Sand Fynbos
187,Southern Coastal Forest,Zonal & Intrazonal Forests
188,Elim Ferricrete Fynbos,Ferricrete Fynbos
189,Overberg Sandstone Fynbos,Sandstone Fynbos
190,Elim Ferricrete Fynbos,Ferricrete Fynbos
191,Elim Ferricrete Fynbos,Ferricrete Fynbos
192,Overberg Sandstone Fynbos,Sandstone Fynbos
193,Southern Coastal Forest,Zonal & Intrazonal Forests
194,Cape Lowland Freshwater Wetlands,Freshwater Wetlands
195,Cape Lowland Freshwater Wetlands,Freshwater Wetlands
196,Cape Lowland Freshwater Wetlands,Freshwater Wetlands
197,Southern Coastal Forest,Zonal & Intrazonal Forests
198,Cape Lowland Freshwater Wetlands,Freshwater Wetlands
199,Overberg Sandstone Fynbos,Sandstone Fynbos
200,Western Coastal Shale Band Vegetation,Shale Band Vegetation
201,Cape Lowland Freshwater Wetlands,Freshwater Wetlands
202,Cape Lowland Freshwater Wetlands,Freshwater Wetlands
203,Elim Ferricrete Fynbos,Ferricrete Fynbos
204,Cape Lowland Freshwater Wetlands,Freshwater Wetlands
205,Cape Lowland Freshwater Wetlands,Freshwater Wetlands
206,Western Coastal Shale Band Vegetation,Shale Band Vegetation
207,Cape Lowland Freshwater Wetlands,Freshwater Wetlands
208,Agulhas Limestone Fynbos,Limestone Fynbos
209,Cape Lowland Freshwater Wetlands,Freshwater Wetlands
210,Cape Lowland Freshwater Wetlands,Freshwater Wetlands
211,Cape Lowland Freshwater Wetlands,Freshwater Wetlands
212,Southern Coastal Forest,Zonal & Intrazonal Forests
213,Cape Lowland Freshwater Wetlands,Freshwater Wetlands
214,Western Coastal Shale Band Vegetation,Shale Band Vegetation
215,Cape Lowland Freshwater Wetlands,Freshwater Wetlands
216,Southern Coastal Forest,Zonal & Intrazonal Forests
217,Southern Coastal Forest,Zonal & Intrazonal Forests
218,Agulhas Limestone Fynbos,Limestone Fynbos
219,Cape Lowland Freshwater Wetlands,Freshwater Wetlands
220,Elim Ferricrete Fynbos,Ferricrete Fynbos
221,Cape Lowland Freshwater Wetlands,Freshwater Wetlands
222,Cape Lowland Freshwater Wetlands,Freshwater Wetlands
223,Southern Coastal Forest,Zonal & Intrazonal Forests
224,Elim Ferricrete Fynbos,Ferricrete Fynbos
225,Elim Ferricrete Fynbos,Ferricrete Fynbos
226,Cape Lowland Freshwater Wetlands,Freshwater Wetlands
227,Elim Ferricrete Fynbos,Ferricrete Fynbos
228,Southern Coastal Forest,Zonal & Intrazonal Forests
229,Southern Coastal Forest,Zonal & Intrazonal Forests
230,Southern Coastal Forest,Zonal & Intrazonal Forests
231,Southern Coastal Forest,Zonal & Intrazonal Forests
232,Ruens Silcrete Renosterveld,Silcrete Renosterveld
233,Overberg Sandstone Fynbos,Sandstone Fynbos
234,Cape Lowland Freshwater Wetlands,Freshwater Wetlands
235,Western Coastal Shale Band Vegetation,Shale Band Vegetation
236,Ruens Silcrete Renosterveld,Silcrete Renosterveld
237,Cape Seashore Vegetation,Seashore Vegetation
238,Elim Ferricrete Fynbos,Ferricrete Fynbos
239,Ruens Silcrete Renosterveld,Silcrete Renosterveld
240,Western Coastal Shale Band Vegetation,Shale Band Vegetation
241,Cape Lowland Freshwater Wetlands,Freshwater Wetlands
242,Overberg Sandstone Fynbos,Sandstone Fynbos
243,Hangklip Sand Fynbos,Sand Fynbos
244,Overberg Sandstone Fynbos,Sandstone Fynbos
245,Overberg Dune Strandveld,Western Strandveld
246,Southern Coastal Forest,Zonal & Intrazonal Forests
247,Southern Coastal Forest,Zonal & Intrazonal Forests
248,Ruens Silcrete Renosterveld,Silcrete Renosterveld
249,Overberg Dune Strandveld,Western Strandveld
250,Cape Seashore Vegetation,Seashore Vegetation
251,Cape Lowland Freshwater Wetlands,Freshwater Wetlands
252,Overberg Dune Strandveld,Western Strandveld
253,Cape Coastal Lagoons,Waterbodies
254,Overberg Dune Strandveld,Western Strandveld
255,Cape Lowland Freshwater Wetlands,Freshwater Wetlands
256,Cape Seashore Vegetation,Seashore Vegetation
257,Cape Lowland Freshwater Wetlands,Freshwater Wetlands
258,Cape Lowland Freshwater Wetlands,Freshwater Wetlands
259,Elim Ferricrete Fynbos,Ferricrete Fynbos
260,Cape Lowland Freshwater Wetlands,Freshwater Wetlands
261,Cape Seashore Vegetation,Seashore Vegetation
262,Southern Coastal Forest,Zonal & Intrazonal Forests
263,Hangklip Sand Fynbos,Sand Fynbos
264,Cape Lowland Freshwater Wetlands,Freshwater Wetlands
265,Western Coastal Shale Band Vegetation,Shale Band Vegetation
266,Cape Lowland Freshwater Wetlands,Freshwater Wetlands
267,Overberg Dune Strandveld,Western Strandveld
268,Southern Afrotemperate Forest,Zonal & Intrazonal Forests
269,Cape Lowland Freshwater Wetlands,Freshwater Wetlands
270,Cape Coastal Lagoons,Waterbodies
271,Cape Lowland Freshwater Wetlands,Freshwater Wetlands
272,Western Coastal Shale Band Vegetation,Shale Band Vegetation
273,Western Coastal Shale Band Vegetation,Shale Band Vegetation
274,Hangklip Sand Fynbos,Sand Fynbos
275,Western Coastal Shale Band Vegetation,Shale Band Vegetation
276,Western Coastal Shale Band Vegetation,Shale Band Vegetation
277,Overberg Dune Strandveld,Western Strandveld
278,De Hoop Limestone Fynbos,Limestone Fynbos
279,Elim Ferricrete Fynbos,Ferricrete Fynbos
280,Cape Seashore Vegetation,Seashore Vegetation
281,Albertinia Sand Fynbos,Sand Fynbos
282,Agulhas Limestone Fynbos,Limestone Fynbos
283,Overberg Dune Strandveld,Western Strandveld
284,Agulhas Limestone Fynbos,Limestone Fynbos
285,Potberg Sandstone Fynbos,Sandstone Fynbos
286,Western Coastal Shale Band Vegetation,Shale Band Vegetation
287,Elim Ferricrete Fynbos,Ferricrete Fynbos
288,Overberg Dune Strandveld,Western Strandveld
289,Potberg Sandstone Fynbos,Sandstone Fynbos
290,Cape Seashore Vegetation,Seashore Vegetation
291,Overberg Dune Strandveld,Western Strandveld
292,De Hoop Limestone Fynbos,Limestone Fynbos
293,Overberg Dune Strandveld,Western Strandveld
294,Cape Seashore Vegetation,Seashore Vegetation
295,De Hoop Limestone Fynbos,Limestone Fynbos
296,Freshwater Lakes,Waterbodies
297,Overberg Dune Strandveld,Western Strandveld
298,Overberg Dune Strandveld,Western Strandveld
299,Potberg Sandstone Fynbos,Sandstone Fynbos
300,Western Coastal Shale Band Vegetation,Shale Band Vegetation
301,Potberg Sandstone Fynbos,Sandstone Fynbos
302,Western Coastal Shale Band Vegetation,Shale Band Vegetation
303,De Hoop Limestone Fynbos,Limestone Fynbos
304,Western Coastal Shale Band Vegetation,Shale Band Vegetation
305,Cape Seashore Vegetation,Seashore Vegetation
306,Overberg Dune Strandveld,Western Strandveld
307,Cape Seashore Vegetation,Seashore Vegetation
308,Western Coastal Shale Band Vegetation,Shale Band Vegetation
309,Albertinia Sand Fynbos,Sand Fynbos
310,Peninsula Granite Fynbos,Granite Fynbos
311,De Hoop Limestone Fynbos,Limestone Fynbos
312,Cape Seashore Vegetation,Seashore Vegetation
313,Hangklip Sand Fynbos,Sand Fynbos
314,Elim Ferricrete Fynbos,Ferricrete Fynbos
315,Cape Lowland Freshwater Wetlands,Freshwater Wetlands
316,Cape Flats Dune Strandveld,Western Strandveld
317,Elim Ferricrete Fynbos,Ferricrete Fynbos
318,Cape Seashore Vegetation,Seashore Vegetation
319,Albertinia Sand Fynbos,Sand Fynbos
320,Cape Lowland Freshwater Wetlands,Freshwater Wetlands
321,Kogelberg Sandstone Fynbos,Sandstone Fynbos
322,De Hoop Limestone Fynbos,Limestone Fynbos
323,Western Coastal Shale Band Vegetation,Shale Band Vegetation
324,Overberg Dune Strandveld,Western Strandveld
325,Ruens Silcrete Renosterveld,Silcrete Renosterveld
326,Cape Seashore Vegetation,Seashore Vegetation
327,Western Coastal Shale Band Vegetation,Shale Band Vegetation
328,Overberg Dune Strandveld,Western Strandveld
329,Cape Flats Dune Strandveld,Western Strandveld
330,Western Coastal Shale Band Vegetation,Shale Band Vegetation
331,Overberg Dune Strandveld,Western Strandveld
332,Western Coastal Shale Band Vegetation,Shale Band Vegetation
333,Cape Flats Dune Strandveld,Western Strandveld
334,Western Coastal Shale Band Vegetation,Shale Band Vegetation
335,Cape Seashore Vegetation,Seashore Vegetation
336,Cape Flats Dune Strandveld,Western Strandveld
337,Hangklip Sand Fynbos,Sand Fynbos
338,Kogelberg Sandstone Fynbos,Sandstone Fynbos
339,Cape Estuarine Salt Marshes,Estuarine Vegetation
340,Overberg Dune Strandveld,Western Strandveld
341,Cape Lowland Freshwater Wetlands,Freshwater Wetlands
342,Eastern Ruens Shale Renosterveld,Shale Renosterveld
343,Cape Flats Dune Strandveld,Western Strandveld
344,Kogelberg Sandstone Fynbos,Sandstone Fynbos
345,Cape Coastal Lagoons,Waterbodies
346,Hangklip Sand Fynbos,Sand Fynbos
347,Overberg Dune Strandveld,Western Strandveld
348,Ruens Silcrete Renosterveld,Silcrete Renosterveld
349,Canca Limestone Fynbos,Limestone Fynbos
350,Southern Afrotemperate Forest,Zonal & Intrazonal Forests
351,Southern Afrotemperate Forest,Zonal & Intrazonal Forests
352,Overberg Dune Strandveld,Western Strandveld
353,Cape Seashore Vegetation,Seashore Vegetation
354,De Hoop Limestone Fynbos,Limestone Fynbos
355,Overberg Dune Strandveld,Western Strandveld
356,Cape Flats Dune Strandveld,Western Strandveld
357,Cape Seashore Vegetation,Seashore Vegetation
358,Southern Coastal Forest,Zonal & Intrazonal Forests
359,Western Ruens Shale Renosterveld,Shale Renosterveld
360,Cape Seashore Vegetation,Seashore Vegetation
361,Cape Seashore Vegetation,Seashore Vegetation
362,Cape Flats Dune Strandveld,Western Strandveld
363,Overberg Sandstone Fynbos,Sandstone Fynbos
364,Cape Seashore Vegetation,Seashore Vegetation
365,Ruens Silcrete Renosterveld,Silcrete Renosterveld
366,Cape Coastal Lagoons,Waterbodies
367,Western Coastal Shale Band Vegetation,Shale Band Vegetation
368,Western Ruens Shale Renosterveld,Shale Renosterveld
369,Southern Afrotemperate Forest,Zonal & Intrazonal Forests
370,Albertinia Sand Fynbos,Sand Fynbos
371,Hangklip Sand Fynbos,Sand Fynbos
372,Ruens Silcrete Renosterveld,Silcrete Renosterveld
373,Blombos Strandveld,Western Strandveld
374,Overberg Sandstone Fynbos,Sandstone Fynbos
375,Overberg Sandstone Fynbos,Sandstone Fynbos
376,Ruens Silcrete Renosterveld,Silcrete Renosterveld
377,Blombos Strandveld,Western Strandveld
378,Cape Lowland Freshwater Wetlands,Freshwater Wetlands
379,Cape Seashore Vegetation,Seashore Vegetation
380,Southern Afrotemperate Forest,Zonal & Intrazonal Forests
381,Southern Coastal Forest,Zonal & Intrazonal Forests
382,Hangklip Sand Fynbos,Sand Fynbos
383,Southern Coastal Forest,Zonal & Intrazonal Forests
384,Cape Seashore Vegetation,Seashore Vegetation
385,Cape Seashore Vegetation,Seashore Vegetation
386,Cape Seashore Vegetation,Seashore Vegetation
387,Ruens Silcrete Renosterveld,Silcrete Renosterveld
388,Cape Inland Salt Pans,Inland Saline Vegetation
389,Cape Lowland Freshwater Wetlands,Freshwater Wetlands
390,Ruens Silcrete Renosterveld,Silcrete Renosterveld
391,Ruens Silcrete Renosterveld,Silcrete Renosterveld
392,Blombos Strandveld,Western Strandveld
393,Canca Limestone Fynbos,Limestone Fynbos
394,Ruens Silcrete Renosterveld,Silcrete Renosterveld
395,Southern Coastal Forest,Zonal & Intrazonal Forests
396,Cape Lowland Freshwater Wetlands,Freshwater Wetlands
397,Western Coastal Shale Band Vegetation,Shale Band Vegetation
398,Cape Lowland Freshwater Wetlands,Freshwater Wetlands
399,Southern Coastal Forest,Zonal & Intrazonal Forests
400,Elim Ferricrete Fynbos,Ferricrete Fynbos
401,Cape Inland Salt Pans,Inland Saline Vegetation
402,Hangklip Sand Fynbos,Sand Fynbos
403,Ruens Silcrete Renosterveld,Silcrete Renosterveld
404,Ruens Silcrete Renosterveld,Silcrete Renosterveld
405,Cape Seashore Vegetation,Seashore Vegetation
406,Blombos Strandveld,Western Strandveld
407,Ruens Silcrete Renosterveld,Silcrete Renosterveld
408,Western Coastal Shale Band Vegetation,Shale Band Vegetation
409,Ruens Silcrete Renosterveld,Silcrete Renosterveld
410,Blombos Strandveld,Western Strandveld
411,Eastern Ruens Shale Renosterveld,Shale Renosterveld
412,Ruens Silcrete Renosterveld,Silcrete Renosterveld
413,Ruens Silcrete Renosterveld,Silcrete Renosterveld
414,Western Coastal Shale Band Vegetation,Shale Band Vegetation
415,Overberg Dune Strandveld,Western Strandveld
416,Hangklip Sand Fynbos,Sand Fynbos
417,Southern Coastal Forest,Zonal & Intrazonal Forests
418,Blombos Strandveld,Western Strandveld
419,Cape Seashore Vegetation,Seashore Vegetation
420,Cape Seashore Vegetation,Seashore Vegetation
421,Southern Coastal Forest,Zonal & Intrazonal Forests
422,Albertinia Sand Fynbos,Sand Fynbos
423,Hangklip Sand Fynbos,Sand Fynbos
424,Ruens Silcrete Renosterveld,Silcrete Renosterveld
425,Blombos Strandveld,Western Strandveld
426,Southern Coastal Forest,Zonal & Intrazonal Forests
427,Ruens Silcrete Renosterveld,Silcrete Renosterveld
428,Potberg Sandstone Fynbos,Sandstone Fynbos
429,Cape Coastal Lagoons,Waterbodies
430,Cape Lowland Alluvial Vegetation,Alluvial Vegetation
431,Hangklip Sand Fynbos,Sand Fynbos
432,Cape Lowland Alluvial Vegetation,Alluvial Vegetation
433,Cape Estuarine Salt Marshes,Estuarine Vegetation
434,Southern Coastal Forest,Zonal & Intrazonal Forests
435,Overberg Dune Strandveld,Western Strandveld
436,Ruens Silcrete Renosterveld,Silcrete Renosterveld
437,Western Coastal Shale Band Vegetation,Shale Band Vegetation
438,Ruens Silcrete Renosterveld,Silcrete Renosterveld
439,Cape Lowland Alluvial Vegetation,Alluvial Vegetation
440,Overberg Dune Strandveld,Western Strandveld
441,Western Coastal Shale Band Vegetation,Shale Band Vegetation
442,Western Coastal Shale Band Vegetation,Shale Band Vegetation
443,Ruens Silcrete Renosterveld,Silcrete Renosterveld
444,Eastern Ruens Shale Renosterveld,Shale Renosterveld
445,Cape Seashore Vegetation,Seashore Vegetation
446,Western Coastal Shale Band Vegetation,Shale Band Vegetation
447,Ruens Silcrete Renosterveld,Silcrete Renosterveld
448,Ruens Silcrete Renosterveld,Silcrete Renosterveld
449,Ruens Silcrete Renosterveld,Silcrete Renosterveld
450,Ruens Silcrete Renosterveld,Silcrete Renosterveld
451,Canca Limestone Fynbos,Limestone Fynbos
452,Potberg Ferricrete Fynbos,Ferricrete Fynbos
453,Blombos Strandveld,Western Strandveld
454,Cape Seashore Vegetation,Seashore Vegetation
455,Blombos Strandveld,Western Strandveld
456,Blombos Strandveld,Western Strandveld
457,Ruens Silcrete Renosterveld,Silcrete Renosterveld
458,Ruens Silcrete Renosterveld,Silcrete Renosterveld
459,Cape Seashore Vegetation,Seashore Vegetation
460,Ruens Silcrete Renosterveld,Silcrete Renosterveld
461,Cape Lowland Freshwater Wetlands,Freshwater Wetlands
462,Cape Flats Dune Strandveld,Western Strandveld
463,Cape Seashore Vegetation,Seashore Vegetation
464,Canca Limestone Fynbos,Limestone Fynbos
465,Ruens Silcrete Renosterveld,Silcrete Renosterveld
466,Hangklip Sand Fynbos,Sand Fynbos
467,Ruens Silcrete Renosterveld,Silcrete Renosterveld
468,Ruens Silcrete Renosterveld,Silcrete Renosterveld
469,Ruens Silcrete Renosterveld,Silcrete Renosterveld
470,Ruens Silcrete Renosterveld,Silcrete Renosterveld
471,Hangklip Sand Fynbos,Sand Fynbos
472,Southern Afrotemperate Forest,Zonal & Intrazonal Forests
473,Cape Lowland Alluvial Vegetation,Alluvial Vegetation
474,Cape Flats Dune Strandveld,Western Strandveld
475,Cape Coastal Lagoons,Waterbodies
476,Ruens Silcrete Renosterveld,Silcrete Renosterveld
477,Cape Flats Dune Strandveld,Western Strandveld
478,Eastern Ruens Shale Renosterveld,Shale Renosterveld
479,Cape Flats Dune Strandveld,Western Strandveld
480,Cape Lowland Freshwater Wetlands,Freshwater Wetlands
481,Ruens Silcrete Renosterveld,Silcrete Renosterveld
482,Cape Flats Dune Strandveld,Western Strandveld
483,Ruens Silcrete Renosterveld,Silcrete Renosterveld
484,Cape Lowland Freshwater Wetlands,Freshwater Wetlands
485,Hangklip Sand Fynbos,Sand Fynbos
486,Western Coastal Shale Band Vegetation,Shale Band Vegetation
487,Ruens Silcrete Renosterveld,Silcrete Renosterveld
488,Peninsula Sandstone Fynbos,Sandstone Fynbos
489,Cape Flats Dune Strandveld,Western Strandveld
490,Blombos Strandveld,Western Strandveld
491,Southern Coastal Forest,Zonal & Intrazonal Forests
492,Ruens Silcrete Renosterveld,Silcrete Renosterveld
493,Ruens Silcrete Renosterveld,Silcrete Renosterveld
494,Cape Seashore Vegetation,Seashore Vegetation
495,Cape Seashore Vegetation,Seashore Vegetation
496,Cape Seashore Vegetation,Seashore Vegetation
497,Hangklip Sand Fynbos,Sand Fynbos
498,Ruens Silcrete Renosterveld,Silcrete Renosterveld
499,Ruens Silcrete Renosterveld,Silcrete Renosterveld
500,Cape Seashore Vegetation,Seashore Vegetation
501,Kogelberg Sandstone Fynbos,Sandstone Fynbos
502,Cape Seashore Vegetation,Seashore Vegetation
503,Ruens Silcrete Renosterveld,Silcrete Renosterveld
504,Southern Afrotemperate Forest,Zonal & Intrazonal Forests
505,Cape Winelands Shale Fynbos,Shale Fynbos
506,Cape Flats Dune Strandveld,Western Strandveld
507,Cape Seashore Vegetation,Seashore Vegetation
508,Cape Seashore Vegetation,Seashore Vegetation
509,Kogelberg Sandstone Fynbos,Sandstone Fynbos
510,Elim Ferricrete Fynbos,Ferricrete Fynbos
511,Cape Seashore Vegetation,Seashore Vegetation
512,Ruens Silcrete Renosterveld,Silcrete Renosterveld
513,Cape Winelands Shale Fynbos,Shale Fynbos
514,Ruens Silcrete Renosterveld,Silcrete Renosterveld
515,Ruens Silcrete Renosterveld,Silcrete Renosterveld
516,Kogelberg Sandstone Fynbos,Sandstone Fynbos
517,Kogelberg Sandstone Fynbos,Sandstone Fynbos
518,Ruens Silcrete Renosterveld,Silcrete Renosterveld
519,Western Coastal Shale Band Vegetation,Shale Band Vegetation
520,Elgin Shale Fynbos,Shale Fynbos
521,Cape Coastal Lagoons,Waterbodies
522,Albertinia Sand Fynbos,Sand Fynbos
523,Ruens Silcrete Renosterveld,Silcrete Renosterveld
524,Ruens Silcrete Renosterveld,Silcrete Renosterveld
525,Ruens Silcrete Renosterveld,Silcrete Renosterveld
526,Ruens Silcrete Renosterveld,Silcrete Renosterveld
527,Ruens Silcrete Renosterveld,Silcrete Renosterveld
528,Ruens Silcrete Renosterveld,Silcrete Renosterveld
529,Ruens Silcrete Renosterveld,Silcrete Renosterveld
530,Ruens Silcrete Renosterveld,Silcrete Renosterveld
531,Cape Seashore Vegetation,Seashore Vegetation
532,Albertinia Sand Fynbos,Sand Fynbos
533,Ruens Silcrete Renosterveld,Silcrete Renosterveld
534,Groot Brak Dune Strandveld,Western Strandveld
535,Ruens Silcrete Renosterveld,Silcrete Renosterveld
536,Canca Limestone Fynbos,Limestone Fynbos
537,Ruens Silcrete Renosterveld,Silcrete Renosterveld
538,Cape Flats Dune Strandveld,Western Strandveld
539,Peninsula Granite Fynbos,Granite Fynbos
540,Ruens Silcrete Renosterveld,Silcrete Renosterveld
541,Ruens Silcrete Renosterveld,Silcrete Renosterveld
542,Kogelberg Sandstone Fynbos,Sandstone Fynbos
543,Ruens Silcrete Renosterveld,Silcrete Renosterveld
544,Ruens Silcrete Renosterveld,Silcrete Renosterveld
545,Canca Limestone Fynbos,Limestone Fynbos
546,Ruens Silcrete Renosterveld,Silcrete Renosterveld
547,Ruens Silcrete Renosterveld,Silcrete Renosterveld
548,Ruens Silcrete Renosterveld,Silcrete Renosterveld
549,Cape Lowland Freshwater Wetlands,Freshwater Wetlands
550,Cape Lowland Freshwater Wetlands,Freshwater Wetlands
551,Ruens Silcrete Renosterveld,Silcrete Renosterveld
552,Ruens Silcrete Renosterveld,Silcrete Renosterveld
553,Ruens Silcrete Renosterveld,Silcrete Renosterveld
554,Ruens Silcrete Renosterveld,Silcrete Renosterveld
555,Cape Lowland Freshwater Wetlands,Freshwater Wetlands
556,Canca Limestone Fynbos,Limestone Fynbos
557,Albertinia Sand Fynbos,Sand Fynbos
558,Albertinia Sand Fynbos,Sand Fynbos
559,Ruens Silcrete Renosterveld,Silcrete Renosterveld
560,Ruens Silcrete Renosterveld,Silcrete Renosterveld
561,Ruens Silcrete Renosterveld,Silcrete Renosterveld
562,Canca Limestone Fynbos,Limestone Fynbos
563,Elim Ferricrete Fynbos,Ferricrete Fynbos
564,Kogelberg Sandstone Fynbos,Sandstone Fynbos
565,Cape Winelands Shale Fynbos,Shale Fynbos
566,Albertinia Sand Fynbos,Sand Fynbos
567,Ruens Silcrete Renosterveld,Silcrete Renosterveld
568,Ruens Silcrete Renosterveld,Silcrete Renosterveld
569,Cape Seashore Vegetation,Seashore Vegetation
570,Ruens Silcrete Renosterveld,Silcrete Renosterveld
571,Ruens Silcrete Renosterveld,Silcrete Renosterveld
572,Ruens Silcrete Renosterveld,Silcrete Renosterveld
573,Southern Afrotemperate Forest,Zonal & Intrazonal Forests
574,Elgin Shale Fynbos,Shale Fynbos
575,Ruens Silcrete Renosterveld,Silcrete Renosterveld
576,Ruens Silcrete Renosterveld,Silcrete Renosterveld
577,Cape Inland Salt Pans,Inland Saline Vegetation
578,Ruens Silcrete Renosterveld,Silcrete Renosterveld
579,Ruens Silcrete Renosterveld,Silcrete Renosterveld
580,Western Coastal Shale Band Vegetation,Shale Band Vegetation
581,Ruens Silcrete Renosterveld,Silcrete Renosterveld
582,Ruens Silcrete Renosterveld,Silcrete Renosterveld
583,Albertinia Sand Fynbos,Sand Fynbos
584,Albertinia Sand Fynbos,Sand Fynbos
585,Ruens Silcrete Renosterveld,Silcrete Renosterveld
586,Albertinia Sand Fynbos,Sand Fynbos
587,Kogelberg Sandstone Fynbos,Sandstone Fynbos
588,Albertinia Sand Fynbos,Sand Fynbos
589,Ruens Silcrete Renosterveld,Silcrete Renosterveld
590,Ruens Silcrete Renosterveld,Silcrete Renosterveld
591,Southern Afrotemperate Forest,Zonal & Intrazonal Forests
592,Ruens Silcrete Renosterveld,Silcrete Renosterveld
593,Ruens Silcrete Renosterveld,Silcrete Renosterveld
594,Ruens Silcrete Renosterveld,Silcrete Renosterveld
595,Western Coastal Shale Band Vegetation,Shale Band Vegetation
596,Hangklip Sand Fynbos,Sand Fynbos
597,Cape Lowland Freshwater Wetlands,Freshwater Wetlands
598,Ruens Silcrete Renosterveld,Silcrete Renosterveld
599,Cape Inland Salt Pans,Inland Saline Vegetation
600,Albertinia Sand Fynbos,Sand Fynbos
601,Albertinia Sand Fynbos,Sand Fynbos
602,Ruens Silcrete Renosterveld,Silcrete Renosterveld
603,Albertinia Sand Fynbos,Sand Fynbos
604,Western Coastal Shale Band Vegetation,Shale Band Vegetation
605,Ruens Silcrete Renosterveld,Silcrete Renosterveld
606,Ruens Silcrete Renosterveld,Silcrete Renosterveld
607,Peninsula Granite Fynbos,Granite Fynbos
608,Peninsula Granite Fynbos,Granite Fynbos
609,Albertinia Sand Fynbos,Sand Fynbos
610,Ruens Silcrete Renosterveld,Silcrete Renosterveld
611,Western Coastal Shale Band Vegetation,Shale Band Vegetation
612,Overberg Sandstone Fynbos,Sandstone Fynbos
613,Peninsula Granite Fynbos,Granite Fynbos
614,Cape Inland Salt Pans,Inland Saline Vegetation
615,Reclaimed land,Waterbodies
616,Ruens Silcrete Renosterveld,Silcrete Renosterveld
617,Reclaimed land,Waterbodies
618,Canca Limestone Fynbos,Limestone Fynbos
619,Ruens Silcrete Renosterveld,Silcrete Renosterveld
620,Ruens Silcrete Renosterveld,Silcrete Renosterveld
621,Canca Limestone Fynbos,Limestone Fynbos
622,Albertinia Sand Fynbos,Sand Fynbos
623,Canca Limestone Fynbos,Limestone Fynbos
624,Reclaimed land,Waterbodies
625,Ruens Silcrete Renosterveld,Silcrete Renosterveld
626,Ruens Silcrete Renosterveld,Silcrete Renosterveld
627,Groot Brak Dune Strandveld,Western Strandveld
628,Ruens Silcrete Renosterveld,Silcrete Renosterveld
629,Canca Limestone Fynbos,Limestone Fynbos
630,Cape Lowland Freshwater Wetlands,Freshwater Wetlands
631,Ruens Silcrete Renosterveld,Silcrete Renosterveld
632,Canca Limestone Fynbos,Limestone Fynbos
633,Ruens Silcrete Renosterveld,Silcrete Renosterveld
634,Southern Cape Valley Thicket,Albany Thicket
635,Cape Winelands Shale Fynbos,Shale Fynbos
636,Canca Limestone Fynbos,Limestone Fynbos
637,Cape Seashore Vegetation,Seashore Vegetation
638,Western Coastal Shale Band Vegetation,Shale Band Vegetation
639,Ruens Silcrete Renosterveld,Silcrete Renosterveld
640,Eastern Ruens Shale Renosterveld,Shale Renosterveld
641,Cape Inland Salt Pans,Inland Saline Vegetation
642,Canca Limestone Fynbos,Limestone Fynbos
643,Canca Limestone Fynbos,Limestone Fynbos
644,Cape Seashore Vegetation,Seashore Vegetation
645,Ruens Silcrete Renosterveld,Silcrete Renosterveld
646,Western Coastal Shale Band Vegetation,Shale Band Vegetation
647,Ruens Silcrete Renosterveld,Silcrete Renosterveld
648,Ruens Silcrete Renosterveld,Silcrete Renosterveld
649,Ruens Silcrete Renosterveld,Silcrete Renosterveld
650,Ruens Silcrete Renosterveld,Silcrete Renosterveld
651,Ruens Silcrete Renosterveld,Silcrete Renosterveld
652,Ruens Silcrete Renosterveld,Silcrete Renosterveld
653,Ruens Silcrete Renosterveld,Silcrete Renosterveld
654,Ruens Silcrete Renosterveld,Silcrete Renosterveld
655,Ruens Silcrete Renosterveld,Silcrete Renosterveld
656,Ruens Silcrete Renosterveld,Silcrete Renosterveld
657,Ruens Silcrete Renosterveld,Silcrete Renosterveld
658,Ruens Silcrete Renosterveld,Silcrete Renosterveld
659,Cape Seashore Vegetation,Seashore Vegetation
660,Ruens Silcrete Renosterveld,Silcrete Renosterveld
661,Ruens Silcrete Renosterveld,Silcrete Renosterveld
662,Ruens Silcrete Renosterveld,Silcrete Renosterveld
663,Ruens Silcrete Renosterveld,Silcrete Renosterveld
664,Hangklip Sand Fynbos,Sand Fynbos
665,Ruens Silcrete Renosterveld,Silcrete Renosterveld
666,Ruens Silcrete Renosterveld,Silcrete Renosterveld
667,Ruens Silcrete Renosterveld,Silcrete Renosterveld
668,Hangklip Sand Fynbos,Sand Fynbos
669,Western Coastal Shale Band Vegetation,Shale Band Vegetation
670,Ruens Silcrete Renosterveld,Silcrete Renosterveld
671,Ruens Silcrete Renosterveld,Silcrete Renosterveld
672,Ruens Silcrete Renosterveld,Silcrete Renosterveld
673,Canca Limestone Fynbos,Limestone Fynbos
674,Cape Seashore Vegetation,Seashore Vegetation
675,Ruens Silcrete Renosterveld,Silcrete Renosterveld
676,Ruens Silcrete Renosterveld,Silcrete Renosterveld
677,Ruens Silcrete Renosterveld,Silcrete Renosterveld
678,Canca Limestone Fynbos,Limestone Fynbos
679,Ruens Silcrete Renosterveld,Silcrete Renosterveld
680,Ruens Silcrete Renosterveld,Silcrete Renosterveld
681,Ruens Silcrete Renosterveld,Silcrete Renosterveld
682,Mossel Bay Shale Renosterveld,Shale Renosterveld
683,Ruens Silcrete Renosterveld,Silcrete Renosterveld
684,Albertinia Sand Fynbos,Sand Fynbos
685,Ruens Silcrete Renosterveld,Silcrete Renosterveld
686,Ruens Silcrete Renosterveld,Silcrete Renosterveld
687,Cape Inland Salt Pans,Inland Saline Vegetation
688,Cape Inland Salt Pans,Inland Saline Vegetation
689,Western Coastal Shale Band Vegetation,Shale Band Vegetation
690,Greyton Shale Fynbos,Shale Fynbos
691,Ruens Silcrete Renosterveld,Silcrete Renosterveld
692,Ruens Silcrete Renosterveld,Silcrete Renosterveld
693,Canca Limestone Fynbos,Limestone Fynbos
694,Ruens Silcrete Renosterveld,Silcrete Renosterveld
695,Ruens Silcrete Renosterveld,Silcrete Renosterveld
696,Ruens Silcrete Renosterveld,Silcrete Renosterveld
697,Ruens Silcrete Renosterveld,Silcrete Renosterveld
698,Ruens Silcrete Renosterveld,Silcrete Renosterveld
699,Ruens Silcrete Renosterveld,Silcrete Renosterveld
700,Ruens Silcrete Renosterveld,Silcrete Renosterveld
701,Cape Lowland Alluvial Vegetation,Alluvial Vegetation
702,Ruens Silcrete Renosterveld,Silcrete Renosterveld
703,Eastern Ruens Shale Renosterveld,Shale Renosterveld
704,Ruens Silcrete Renosterveld,Silcrete Renosterveld
705,Ruens Silcrete Renosterveld,Silcrete Renosterveld
706,Ruens Silcrete Renosterveld,Silcrete Renosterveld
707,Ruens Silcrete Renosterveld,Silcrete Renosterveld
708,Boland Granite Fynbos,Granite Fynbos
709,Ruens Silcrete Renosterveld,Silcrete Renosterveld
710,Peninsula Sandstone Fynbos,Sandstone Fynbos
711,Albertinia Sand Fynbos,Sand Fynbos
712,Ruens Silcrete Renosterveld,Silcrete Renosterveld
713,Ruens Silcrete Renosterveld,Silcrete Renosterveld
714,Ruens Silcrete Renosterveld,Silcrete Renosterveld
715,Ruens Silcrete Renosterveld,Silcrete Renosterveld
716,Ruens Silcrete Renosterveld,Silcrete Renosterveld
717,Ruens Silcrete Renosterveld,Silcrete Renosterveld
718,Ruens Silcrete Renosterveld,Silcrete Renosterveld
719,Ruens Silcrete Renosterveld,Silcrete Renosterveld
720,Canca Limestone Fynbos,Limestone Fynbos
721,Cape Seashore Vegetation,Seashore Vegetation
722,Ruens Silcrete Renosterveld,Silcrete Renosterveld
723,Reclaimed land,Waterbodies
724,Reclaimed land,Waterbodies
725,Ruens Silcrete Renosterveld,Silcrete Renosterveld
726,Ruens Silcrete Renosterveld,Silcrete Renosterveld
727,Cape Winelands Shale Fynbos,Shale Fynbos
728,Reclaimed land,Waterbodies
729,Western Coastal Shale Band Vegetation,Shale Band Vegetation
730,Canca Limestone Fynbos,Limestone Fynbos
731,Ruens Silcrete Renosterveld,Silcrete Renosterveld
732,Cape Flats Dune Strandveld,Western Strandveld
733,Ruens Silcrete Renosterveld,Silcrete Renosterveld
734,Ruens Silcrete Renosterveld,Silcrete Renosterveld
735,Ruens Silcrete Renosterveld,Silcrete Renosterveld
736,Ruens Silcrete Renosterveld,Silcrete Renosterveld
737,Cape Inland Salt Pans,Inland Saline Vegetation
738,Ruens Silcrete Renosterveld,Silcrete Renosterveld
739,Ruens Silcrete Renosterveld,Silcrete Renosterveld
740,Ruens Silcrete Renosterveld,Silcrete Renosterveld
741,Ruens Silcrete Renosterveld,Silcrete Renosterveld
742,Ruens Silcrete Renosterveld,Silcrete Renosterveld
743,Canca Limestone Fynbos,Limestone Fynbos
744,Ruens Silcrete Renosterveld,Silcrete Renosterveld
745,Canca Limestone Fynbos,Limestone Fynbos
746,North Langeberg Sandstone Fynbos,Sandstone Fynbos
747,Albertinia Sand Fynbos,Sand Fynbos
748,Canca Limestone Fynbos,Limestone Fynbos
749,Ruens Silcrete Renosterveld,Silcrete Renosterveld
750,Canca Limestone Fynbos,Limestone Fynbos
751,Hangklip Sand Fynbos,Sand Fynbos
752,Canca Limestone Fynbos,Limestone Fynbos
753,Canca Limestone Fynbos,Limestone Fynbos
754,Ruens Silcrete Renosterveld,Silcrete Renosterveld
755,Ruens Silcrete Renosterveld,Silcrete Renosterveld
756,Peninsula Granite Fynbos,Granite Fynbos
757,Reclaimed land,Waterbodies
758,Peninsula Sandstone Fynbos,Sandstone Fynbos
759,Ruens Silcrete Renosterveld,Silcrete Renosterveld
760,Cape Seashore Vegetation,Seashore Vegetation
761,Eastern Ruens Shale Renosterveld,Shale Renosterveld
762,Ruens Silcrete Renosterveld,Silcrete Renosterveld
763,Ruens Silcrete Renosterveld,Silcrete Renosterveld
764,Peninsula Granite Fynbos,Granite Fynbos
765,Reclaimed land,Waterbodies
766,Hangklip Sand Fynbos,Sand Fynbos
767,Peninsula Sandstone Fynbos,Sandstone Fynbos
768,Reclaimed land,Waterbodies
769,Cape Lowland Freshwater Wetlands,Freshwater Wetlands
770,Ruens Silcrete Renosterveld,Silcrete Renosterveld
771,Elgin Shale Fynbos,Shale Fynbos
772,Ruens Silcrete Renosterveld,Silcrete Renosterveld
773,Ruens Silcrete Renosterveld,Silcrete Renosterveld
774,Albertinia Sand Fynbos,Sand Fynbos
775,North Langeberg Sandstone Fynbos,Sandstone Fynbos
776,Peninsula Sandstone Fynbos,Sandstone Fynbos
777,Ruens Silcrete Renosterveld,Silcrete Renosterveld
778,Elgin Shale Fynbos,Shale Fynbos
779,North Langeberg Sandstone Fynbos,Sandstone Fynbos
780,Ruens Silcrete Renosterveld,Silcrete Renosterveld
781,Canca Limestone Fynbos,Limestone Fynbos
782,Cape Seashore Vegetation,Seashore Vegetation
783,Ruens Silcrete Renosterveld,Silcrete Renosterveld
784,Groot Brak Dune Strandveld,Western Strandveld
785,Ruens Silcrete Renosterveld,Silcrete Renosterveld
786,Ruens Silcrete Renosterveld,Silcrete Renosterveld
787,Peninsula Sandstone Fynbos,Sandstone Fynbos
788,Cape Seashore Vegetation,Seashore Vegetation
789,Eastern Ruens Shale Renosterveld,Shale Renosterveld
790,Ruens Silcrete Renosterveld,Silcrete Renosterveld
791,Cape Flats Dune Strandveld,Western Strandveld
792,Ruens Silcrete Renosterveld,Silcrete Renosterveld
793,Ruens Silcrete Renosterveld,Silcrete Renosterveld
794,Peninsula Granite Fynbos,Granite Fynbos
795,Groot Brak Dune Strandveld,Western Strandveld
796,Boland Granite Fynbos,Granite Fynbos
797,Ruens Silcrete Renosterveld,Silcrete Renosterveld
798,Cape Seashore Vegetation,Seashore Vegetation
799,Canca Limestone Fynbos,Limestone Fynbos
800,Ruens Silcrete Renosterveld,Silcrete Renosterveld
801,Ruens Silcrete Renosterveld,Silcrete Renosterveld
802,Canca Limestone Fynbos,Limestone Fynbos
803,Kogelberg Sandstone Fynbos,Sandstone Fynbos
804,Ruens Silcrete Renosterveld,Silcrete Renosterveld
805,Western Coastal Shale Band Vegetation,Shale Band Vegetation
806,Ruens Silcrete Renosterveld,Silcrete Renosterveld
807,Canca Limestone Fynbos,Limestone Fynbos
808,Canca Limestone Fynbos,Limestone Fynbos
809,Ruens Silcrete Renosterveld,Silcrete Renosterveld
810,Ruens Silcrete Renosterveld,Silcrete Renosterveld
811,Ruens Silcrete Renosterveld,Silcrete Renosterveld
812,Ruens Silcrete Renosterveld,Silcrete Renosterveld
813,Ruens Silcrete Renosterveld,Silcrete Renosterveld
814,Ruens Silcrete Renosterveld,Silcrete Renosterveld
815,Cape Seashore Vegetation,Seashore Vegetation
816,Cape Lowland Freshwater Wetlands,Freshwater Wetlands
817,Ruens Silcrete Renosterveld,Silcrete Renosterveld
818,Ruens Silcrete Renosterveld,Silcrete Renosterveld
819,Canca Limestone Fynbos,Limestone Fynbos
820,Overberg Sandstone Fynbos,Sandstone Fynbos
821,Ruens Silcrete Renosterveld,Silcrete Renosterveld
822,Canca Limestone Fynbos,Limestone Fynbos
823,Mossel Bay Shale Renosterveld,Shale Renosterveld
824,Canca Limestone Fynbos,Limestone Fynbos
825,Ruens Silcrete Renosterveld,Silcrete Renosterveld
826,Peninsula Sandstone Fynbos,Sandstone Fynbos
827,Albertinia Sand Fynbos,Sand Fynbos
828,Ruens Silcrete Renosterveld,Silcrete Renosterveld
829,Canca Limestone Fynbos,Limestone Fynbos
830,Ruens Silcrete Renosterveld,Silcrete Renosterveld
831,Ruens Silcrete Renosterveld,Silcrete Renosterveld
832,Ruens Silcrete Renosterveld,Silcrete Renosterveld
833,Ruens Silcrete Renosterveld,Silcrete Renosterveld
834,Boland Granite Fynbos,Granite Fynbos
835,Ruens Silcrete Renosterveld,Silcrete Renosterveld
836,Ruens Silcrete Renosterveld,Silcrete Renosterveld
837,Peninsula Granite Fynbos,Granite Fynbos
838,Canca Limestone Fynbos,Limestone Fynbos
839,Hangklip Sand Fynbos,Sand Fynbos
840,North Langeberg Sandstone Fynbos,Sandstone Fynbos
841,Canca Limestone Fynbos,Limestone Fynbos
842,Mossel Bay Shale Renosterveld,Shale Renosterveld
843,Ruens Silcrete Renosterveld,Silcrete Renosterveld
844,Albertinia Sand Fynbos,Sand Fynbos
845,Peninsula Sandstone Fynbos,Sandstone Fynbos
846,Ruens Silcrete Renosterveld,Silcrete Renosterveld
847,Ruens Silcrete Renosterveld,Silcrete Renosterveld
848,Central Coastal Shale Band Vegetation,Shale Band Vegetation
849,Canca Limestone Fynbos,Limestone Fynbos
850,Peninsula Granite Fynbos,Granite Fynbos
851,Cape Seashore Vegetation,Seashore Vegetation
852,Canca Limestone Fynbos,Limestone Fynbos
853,Canca Limestone Fynbos,Limestone Fynbos
854,Mossel Bay Shale Renosterveld,Shale Renosterveld
855,Peninsula Granite Fynbos,Granite Fynbos
856,Peninsula Sandstone Fynbos,Sandstone Fynbos
857,Ruens Silcrete Renosterveld,Silcrete Renosterveld
858,Swellendam Silcrete Fynbos,Silcrete Fynbos
859,Cape Seashore Vegetation,Seashore Vegetation
860,Ruens Silcrete Renosterveld,Silcrete Renosterveld
861,Ruens Silcrete Renosterveld,Silcrete Renosterveld
862,Ruens Silcrete Renosterveld,Silcrete Renosterveld
863,Cape Winelands Shale Fynbos,Shale Fynbos
864,Canca Limestone Fynbos,Limestone Fynbos
865,Mossel Bay Shale Renosterveld,Shale Renosterveld
866,Ruens Silcrete Renosterveld,Silcrete Renosterveld
867,Ruens Silcrete Renosterveld,Silcrete Renosterveld
868,Western Coastal Shale Band Vegetation,Shale Band Vegetation
869,Western Coastal Shale Band Vegetation,Shale Band Vegetation
870,Ruens Silcrete Renosterveld,Silcrete Renosterveld
871,Canca Limestone Fynbos,Limestone Fynbos
872,Elgin Shale Fynbos,Shale Fynbos
873,Ruens Silcrete Renosterveld,Silcrete Renosterveld
874,Ruens Silcrete Renosterveld,Silcrete Renosterveld
875,Peninsula Sandstone Fynbos,Sandstone Fynbos
876,Mossel Bay Shale Renosterveld,Shale Renosterveld
877,Ruens Silcrete Renosterveld,Silcrete Renosterveld
878,Mossel Bay Shale Renosterveld,Shale Renosterveld
879,Western Coastal Shale Band Vegetation,Shale Band Vegetation
880,Canca Limestone Fynbos,Limestone Fynbos
881,North Langeberg Sandstone Fynbos,Sandstone Fynbos
882,Ruens Silcrete Renosterveld,Silcrete Renosterveld
883,Ruens Silcrete Renosterveld,Silcrete Renosterveld
884,Ruens Silcrete Renosterveld,Silcrete Renosterveld
885,Ruens Silcrete Renosterveld,Silcrete Renosterveld
886,Swellendam Silcrete Fynbos,Silcrete Fynbos
887,North Langeberg Sandstone Fynbos,Sandstone Fynbos
888,Ruens Silcrete Renosterveld,Silcrete Renosterveld
889,Eastern Ruens Shale Renosterveld,Shale Renosterveld
890,Ruens Silcrete Renosterveld,Silcrete Renosterveld
891,North Langeberg Sandstone Fynbos,Sandstone Fynbos
892,Mossel Bay Shale Renosterveld,Shale Renosterveld
893,Ruens Silcrete Renosterveld,Silcrete Renosterveld
894,Ruens Silcrete Renosterveld,Silcrete Renosterveld
895,Ruens Silcrete Renosterveld,Silcrete Renosterveld
896,Ruens Silcrete Renosterveld,Silcrete Renosterveld
897,Swellendam Silcrete Fynbos,Silcrete Fynbos
898,Ruens Silcrete Renosterveld,Silcrete Renosterveld
899,Cape Flats Dune Strandveld,Western Strandveld
900,Groot Brak Dune Strandveld,Western Strandveld
901,Ruens Silcrete Renosterveld,Silcrete Renosterveld
902,North Langeberg Sandstone Fynbos,Sandstone Fynbos
903,Ruens Silcrete Renosterveld,Silcrete Renosterveld
904,Western Coastal Shale Band Vegetation,Shale Band Vegetation
905,Swellendam Silcrete Fynbos,Silcrete Fynbos
906,Ruens Silcrete Renosterveld,Silcrete Renosterveld
907,Swartland Silcrete Renosterveld,Silcrete Renosterveld
908,Ruens Silcrete Renosterveld,Silcrete Renosterveld
909,Ruens Silcrete Renosterveld,Silcrete Renosterveld
910,Mossel Bay Shale Renosterveld,Shale Renosterveld
911,Ruens Silcrete Renosterveld,Silcrete Renosterveld
912,Ruens Silcrete Renosterveld,Silcrete Renosterveld
913,Ruens Silcrete Renosterveld,Silcrete Renosterveld
914,Ruens Silcrete Renosterveld,Silcrete Renosterveld
915,Mossel Bay Shale Renosterveld,Shale Renosterveld
916,Ruens Silcrete Renosterveld,Silcrete Renosterveld
917,Ruens Silcrete Renosterveld,Silcrete Renosterveld
918,Ruens Silcrete Renosterveld,Silcrete Renosterveld
919,Hangklip Sand Fynbos,Sand Fynbos
920,Ruens Silcrete Renosterveld,Silcrete Renosterveld
921,Ruens Silcrete Renosterveld,Silcrete Renosterveld
922,Cape Winelands Shale Fynbos,Shale Fynbos
923,Ruens Silcrete Renosterveld,Silcrete Renosterveld
924,Central Ruens Shale Renosterveld,Shale Renosterveld
925,Western Coastal Shale Band Vegetation,Shale Band Vegetation
926,Albertinia Sand Fynbos,Sand Fynbos
927,Ruens Silcrete Renosterveld,Silcrete Renosterveld
928,Mossel Bay Shale Renosterveld,Shale Renosterveld
929,Western Coastal Shale Band Vegetation,Shale Band Vegetation
930,Mossel Bay Shale Renosterveld,Shale Renosterveld
931,Ruens Silcrete Renosterveld,Silcrete Renosterveld
932,Boland Granite Fynbos,Granite Fynbos
933,Ruens Silcrete Renosterveld,Silcrete Renosterveld
934,Southern Afrotemperate Forest,Zonal & Intrazonal Forests
935,Southern Afrotemperate Forest,Zonal & Intrazonal Forests
936,Southern Afrotemperate Forest,Zonal & Intrazonal Forests
937,Ruens Silcrete Renosterveld,Silcrete Renosterveld
938,Mossel Bay Shale Renosterveld,Shale Renosterveld
939,North Langeberg Sandstone Fynbos,Sandstone Fynbos
940,Peninsula Granite Fynbos,Granite Fynbos
941,Southern Afrotemperate Forest,Zonal & Intrazonal Forests
942,Ruens Silcrete Renosterveld,Silcrete Renosterveld
943,Southern Afrotemperate Forest,Zonal & Intrazonal Forests
944,Ruens Silcrete Renosterveld,Silcrete Renosterveld
945,Ruens Silcrete Renosterveld,Silcrete Renosterveld
946,Boland Granite Fynbos,Granite Fynbos
947,Ruens Silcrete Renosterveld,Silcrete Renosterveld
948,Swellendam Silcrete Fynbos,Silcrete Fynbos
949,Southern Cape Dune Fynbos,Sand Fynbos
950,Central Coastal Shale Band Vegetation,Shale Band Vegetation
951,Ruens Silcrete Renosterveld,Silcrete Renosterveld
952,Mossel Bay Shale Renosterveld,Shale Renosterveld
953,Ruens Silcrete Renosterveld,Silcrete Renosterveld
954,Central Ruens Shale Renosterveld,Shale Renosterveld
955,Ruens Silcrete Renosterveld,Silcrete Renosterveld
956,Swartland Shale Renosterveld,Shale Renosterveld
957,Ruens Silcrete Renosterveld,Silcrete Renosterveld
958,Cape Lowland Freshwater Wetlands,Freshwater Wetlands
959,Lourensford Alluvium Fynbos,Alluvium Fynbos
960,Cape Flats Sand Fynbos,Sand Fynbos
961,Mossel Bay Shale Renosterveld,Shale Renosterveld
962,Ruens Silcrete Renosterveld,Silcrete Renosterveld
963,Ruens Silcrete Renosterveld,Silcrete Renosterveld
964,Central Ruens Shale Renosterveld,Shale Renosterveld
965,Boland Granite Fynbos,Granite Fynbos
966,Ruens Silcrete Renosterveld,Silcrete Renosterveld
967,Ruens Silcrete Renosterveld,Silcrete Renosterveld
968,Mossel Bay Shale Renosterveld,Shale Renosterveld
969,Eastern Ruens Shale Renosterveld,Shale Renosterveld
970,South Sonderend Sandstone Fynbos,Sandstone Fynbos
971,Mossel Bay Shale Renosterveld,Shale Renosterveld
972,Boland Granite Fynbos,Granite Fynbos
973,Ruens Silcrete Renosterveld,Silcrete Renosterveld
974,Boland Granite Fynbos,Granite Fynbos
975,Greyton Shale Fynbos,Shale Fynbos
976,Swartland Shale Renosterveld,Shale Renosterveld
977,Ruens Silcrete Renosterveld,Silcrete Renosterveld
978,Cape Seashore Vegetation,Seashore Vegetation
979,Ruens Silcrete Renosterveld,Silcrete Renosterveld
980,Boland Granite Fynbos,Granite Fynbos
981,South Sonderend Sandstone Fynbos,Sandstone Fynbos
982,Western Coastal Shale Band Vegetation,Shale Band Vegetation
983,Ruens Silcrete Renosterveld,Silcrete Renosterveld
984,Mossel Bay Shale Renosterveld,Shale Renosterveld
985,Cape Seashore Vegetation,Seashore Vegetation
986,Greyton Shale Fynbos,Shale Fynbos
987,Cape Seashore Vegetation,Seashore Vegetation
988,Ruens Silcrete Renosterveld,Silcrete Renosterveld
989,Lourensford Alluvium Fynbos,Alluvium Fynbos
990,Swartland Shale Renosterveld,Shale Renosterveld
991,Ruens Silcrete Renosterveld,Silcrete Renosterveld
992,Ruens Silcrete Renosterveld,Silcrete Renosterveld
993,North Sonderend Sandstone Fynbos,Sandstone Fynbos
994,Central Ruens Shale Renosterveld,Shale Renosterveld
995,South Sonderend Sandstone Fynbos,Sandstone Fynbos
996,Cape Seashore Vegetation,Seashore Vegetation
997,Southern Afrotemperate Forest,Zonal & Intrazonal Forests
998,Southern Afrotemperate Forest,Zonal & Intrazonal Forests
999,Ruens Silcrete Renosterveld,Silcrete Renosterveld
1000,Western Coastal Shale Band Vegetation,Shale Band Vegetation
